{
  "model_version": "linear_v2026-03-05_17-35-37",
  "intercept": 5005.210526315788,
  "coefficients": [
    2294.8321966912044,
    17.832637442849553,
    2920.071491553512,
    601.6469006127517
  ],
  "feature_names": [
    "road_distance",
    "road_cum_elevation_gain",
    "trail_distance",
    "trail_cum_elevation_gain"
  ],
  "feature_means": [
    4360.457017543859,
    66.37543859649132,
    6620.564912280703,
    242.70175438596488
  ],
  "feature_stds": [
    5536.900674093343,
    89.14762370328303,
    7023.700260335647,
    260.73492386567216
  ],
  "target_name": "elapsed_seconds"
}