{
  "model_version": "linear_v2026-03-09_10-08-43",
  "intercept": 5007.745664739887,
  "coefficients": [
    2293.2140732747307,
    14.222399963312515,
    2931.360981739594,
    578.5628427068212
  ],
  "feature_names": [
    "road_distance",
    "road_cum_elevation_gain",
    "trail_distance",
    "trail_cum_elevation_gain"
  ],
  "feature_means": [
    4375.363063583815,
    66.80115606936425,
    6629.521734104046,
    243.6404624277456
  ],
  "feature_stds": [
    5539.934212331405,
    89.40940840203702,
    7028.596801629276,
    261.69631250991864
  ],
  "target_name": "elapsed_seconds"
}